url_img,circuitId
"",43
"",44
http://upload.wikimedia.org/wikipedia/commons/thumb/0/01/Jaypee_International_Circuit_2011.svg/800px-Jaypee_International_Circuit_2011.svg.png,68
http://upload.wikimedia.org/wikipedia/commons/thumb/0/07/Donington_circuit.svg/800px-Donington_circuit.svg.png,31
http://upload.wikimedia.org/wikipedia/commons/thumb/0/0e/Circuit_Valensia_street.svg/800px-Circuit_Valensia_street.svg.png,12
http://upload.wikimedia.org/wikipedia/commons/thumb/0/0f/Circuit_New_Jersey.svg/800px-Circuit_New_Jersey.svg.png,72
http://upload.wikimedia.org/wikipedia/commons/thumb/0/0f/Circuit_Nivelles-Baulers.png/800px-Circuit_Nivelles-Baulers.png,50
http://upload.wikimedia.org/wikipedia/commons/thumb/1/14/Shanghai_International_Racing_Circuit_track_map.svg/800px-Shanghai_International_Racing_Circuit_track_map.svg.png,17
http://upload.wikimedia.org/wikipedia/commons/thumb/1/1c/Jacarepagu%C3%A1-oval.svg/800px-Jacarepagu%C3%A1-oval.svg.png,36
http://upload.wikimedia.org/wikipedia/commons/thumb/2/20/Circuit_N%C3%BCrburgring-8002-vs-1927.svg/800px-Circuit_N%C3%BCrburgring-8002-vs-1927.svg.png,20
http://upload.wikimedia.org/wikipedia/commons/thumb/2/24/Boavista2.png/800px-Boavista2.png,59
http://upload.wikimedia.org/wikipedia/commons/thumb/2/29/Bahrain_International_Circuit--Grand_Prix_Layout.svg/800px-Bahrain_International_Circuit--Grand_Prix_Layout.svg.png,3
http://upload.wikimedia.org/wikipedia/commons/thumb/2/29/Indianapolis-motor-speedway-1848561.jpg/800px-Indianapolis-motor-speedway-1848561.jpg,19
http://upload.wikimedia.org/wikipedia/commons/thumb/2/29/Korea_international_circuit_v3.svg/800px-Korea_international_circuit_v3.svg.png,35
http://upload.wikimedia.org/wikipedia/commons/thumb/2/2c/Fuji.svg/800px-Fuji.svg.png,16
http://upload.wikimedia.org/wikipedia/commons/thumb/2/2d/Prince_George_Circuit.svg/800px-Prince_George_Circuit.svg.png,56
http://upload.wikimedia.org/wikipedia/commons/thumb/2/2f/Circuit_Zolder-8002.svg/800px-Circuit_Zolder-8002.svg.png,40
http://upload.wikimedia.org/wikipedia/commons/thumb/3/31/Albert_Lake_Park_Street_Circuit_in_Melbourne%2C_Australia.svg/800px-Albert_Lake_Park_Street_Circuit_in_Melbourne%2C_Australia.svg.png,1
http://upload.wikimedia.org/wikipedia/commons/thumb/3/35/Circuit_Aintree.svg/800px-Circuit_Aintree.svg.png,58
http://upload.wikimedia.org/wikipedia/commons/thumb/3/35/Circuit_de_la_Sarthe_v2.png/800px-Circuit_de_la_Sarthe_v2.png,54
http://upload.wikimedia.org/wikipedia/commons/thumb/3/36/Aut%C3%B3dromo_Hermanos_Rodr%C3%ADguez_2015.svg/800px-Aut%C3%B3dromo_Hermanos_Rodr%C3%ADguez_2015.svg.png,32
http://upload.wikimedia.org/wikipedia/commons/thumb/3/38/Downtown_Detroit_Street_Circuit.svg/800px-Downtown_Detroit_Street_Circuit.svg.png,37
http://upload.wikimedia.org/wikipedia/commons/thumb/3/38/RedBull_Ring_vector_map.png/800px-RedBull_Ring_vector_map.png,23
http://upload.wikimedia.org/wikipedia/commons/thumb/3/38/RedBull_Ring_vector_map.png/800px-RedBull_Ring_vector_map.png,70
http://upload.wikimedia.org/wikipedia/commons/thumb/3/39/Estoril_track_map.svg/800px-Estoril_track_map.svg.png,27
http://upload.wikimedia.org/wikipedia/commons/thumb/4/45/Brands_Hatch_8003.svg/800px-Brands_Hatch_8003.svg.png,38
http://upload.wikimedia.org/wikipedia/commons/thumb/4/45/Sebring_International_Raceway.svg/275px-Sebring_International_Raceway.svg.png,63
http://upload.wikimedia.org/wikipedia/commons/thumb/4/4c/Scandinavian_Raceway.svg/800px-Scandinavian_Raceway.svg.png,47
http://upload.wikimedia.org/wikipedia/commons/thumb/5/50/Riverside_International_Raceway_1980_and_1967.svg/800px-Riverside_International_Raceway_1980_and_1967.svg.png,60
http://upload.wikimedia.org/wikipedia/commons/thumb/5/51/Mosport-CTMP.svg/800px-Mosport-CTMP.svg.png,48
http://upload.wikimedia.org/wikipedia/commons/thumb/5/59/Circuit_Pedralbes.png/800px-Circuit_Pedralbes.png,67
http://upload.wikimedia.org/wikipedia/commons/thumb/5/5c/Circuito_Permanente_del_Jarama.svg/800px-Circuito_Permanente_del_Jarama.svg.png,45
http://upload.wikimedia.org/wikipedia/commons/thumb/5/5d/Istanbul_park.svg/800px-Istanbul_park.svg.png,5
http://upload.wikimedia.org/wikipedia/commons/thumb/5/5e/Imola_8009_moto.svg/800px-Imola_8009_moto.svg.png,21
http://upload.wikimedia.org/wikipedia/commons/thumb/6/65/Zandvoort_Circuit_vector_map.png/800px-Zandvoort_Circuit_vector_map.png,39
http://upload.wikimedia.org/wikipedia/commons/thumb/6/67/Sepang.svg/800px-Sepang.svg.png,2
http://upload.wikimedia.org/wikipedia/commons/thumb/6/6d/Circuit_AVUS.svg/800px-Circuit_AVUS.svg.png,61
http://upload.wikimedia.org/wikipedia/commons/thumb/7/7c/Aut%C3%B3dromo_Oscar_y_Juan_G%C3%A1lvez_Circuito_N%C2%B0_15.svg/800px-Aut%C3%B3dromo_Oscar_y_Juan_G%C3%A1lvez_Circuito_N%C2%B0_15.svg.png,25
http://upload.wikimedia.org/wikipedia/commons/thumb/8/82/Rouen-Les-Essarts.svg/800px-Rouen-Les-Essarts.svg.png,53
http://upload.wikimedia.org/wikipedia/commons/thumb/8/87/Circuit_de_Catalunya_moto_2021.svg/800px-Circuit_de_Catalunya_moto_2021.svg.png,4
http://upload.wikimedia.org/wikipedia/commons/thumb/8/87/Circuit_de_Nevers_Magny-Cours.svg/800px-Circuit_de_Nevers_Magny-Cours.svg.png,8
http://upload.wikimedia.org/wikipedia/commons/thumb/8/8d/Circuit_Mont-Tremblant_Track_Map.svg/800px-Circuit_Mont-Tremblant_Track_Map.svg.png,52
http://upload.wikimedia.org/wikipedia/commons/thumb/9/91/Hungaroring.svg/800px-Hungaroring.svg.png,11
http://upload.wikimedia.org/wikipedia/commons/thumb/9/92/Kyalami_16.png/800px-Kyalami_16.png,30
http://upload.wikimedia.org/wikipedia/commons/thumb/a/a4/Circuit_Zeltweg.png/800px-Circuit_Zeltweg.png,57
http://upload.wikimedia.org/wikipedia/commons/thumb/a/a5/Dallas_Fair_Park_Esplanade.jpg/800px-Dallas_Fair_Park_Esplanade.jpg,42
http://upload.wikimedia.org/wikipedia/commons/thumb/a/aa/Adelaide_%28short_route%29.svg/800px-Adelaide_%28short_route%29.svg.png,29
http://upload.wikimedia.org/wikipedia/commons/thumb/a/ae/Circuit_Ain_Diab.png/800px-Circuit_Ain_Diab.png,64
http://upload.wikimedia.org/wikipedia/commons/thumb/b/b0/Yas_Marina_Circuit.png/800px-Yas_Marina_Circuit.png,24
http://upload.wikimedia.org/wikipedia/commons/thumb/b/b4/Circuit_TI_%28Aida%29.png/800px-Circuit_TI_%28Aida%29.png,28
http://upload.wikimedia.org/wikipedia/commons/thumb/b/b6/Circuit_MontjuichPark.png/800px-Circuit_MontjuichPark.png,49
http://upload.wikimedia.org/wikipedia/commons/thumb/b/bc/Jerez_Grand_prix_Circuit_1994-8003.svg/275px-Jerez_Grand_prix_Circuit_1994-8003.svg.png,26
http://upload.wikimedia.org/wikipedia/commons/thumb/b/bd/Silverstone_Circuit_2020.png/800px-Silverstone_Circuit_2020.png,9
http://upload.wikimedia.org/wikipedia/commons/thumb/c/c7/Watkins_Glen_International_Track_Map.svg/800px-Watkins_Glen_International_Track_Map.svg.png,46
http://upload.wikimedia.org/wikipedia/commons/thumb/c/ce/Circuit_Charade_1958_1988.png/800px-Circuit_Charade_1958_1988.png,51
http://upload.wikimedia.org/wikipedia/commons/thumb/c/cf/Aut%C3%B3dromo_Jos%C3%A9_Carlos_Pace_%28AKA_Interlagos%29_track_map.svg/800px-Aut%C3%B3dromo_Jos%C3%A9_Carlos_Pace_%28AKA_Interlagos%29_track_map.svg.png,18
http://upload.wikimedia.org/wikipedia/commons/thumb/d/d3/Circuit_Sochi.svg/800px-Circuit_Sochi.svg.png,71
http://upload.wikimedia.org/wikipedia/commons/thumb/d/d9/Circuito_di_Pescara.png/800px-Circuito_di_Pescara.png,65
http://upload.wikimedia.org/wikipedia/commons/thumb/d/de/Circuit_Monsanto.png/800px-Circuit_Monsanto.png,62
http://upload.wikimedia.org/wikipedia/commons/thumb/d/de/Dijon-Prenois_Circuit.svg/800px-Dijon-Prenois_Circuit.svg.png,41
http://upload.wikimedia.org/wikipedia/commons/thumb/e/e5/Hockenheim2012.svg/800px-Hockenheim2012.svg.png,10
http://upload.wikimedia.org/wikipedia/commons/thumb/e/e7/Circuit_Bremgarten.svg/800px-Circuit_Bremgarten.svg.png,66
http://upload.wikimedia.org/wikipedia/commons/thumb/e/ec/Suzuka_circuit_map--8005.svg/800px-Suzuka_circuit_map--8005.svg.png,22
http://upload.wikimedia.org/wikipedia/commons/thumb/f/f0/1_singapore_f1_night_race_2012_city_skyline.jpg/800px-1_singapore_f1_night_race_2012_city_skyline.jpg,15
http://upload.wikimedia.org/wikipedia/commons/thumb/f/f1/Baku_Formula_One_circuit_map.svg/800px-Baku_Formula_One_circuit_map.svg.png,73
http://upload.wikimedia.org/wikipedia/commons/thumb/f/f2/Le_Castellet_circuit_map_Formula_One_2019_and_2021_with_corner_names_English_19_07_2021.svg/800px-Le_Castellet_circuit_map_Formula_One_2019_and_2021_with_corner_names_English_19_07_2021.svg.png,34
http://upload.wikimedia.org/wikipedia/commons/thumb/f/f8/Monza_track_map.svg/800px-Monza_track_map.svg.png,14
http://upload.wikimedia.org/wikipedia/commons/thumb/f/f9/%C3%8Ele_Notre-Dame_%28Circuit_Gilles_Villeneuve%29.svg/800px-%C3%8Ele_Notre-Dame_%28Circuit_Gilles_Villeneuve%29.svg.png,7
http://upload.wikimedia.org/wikipedia/commons/thumb/f/fa/Circuit-Reims-1954.png/800px-Circuit-Reims-1954.png,55
http://upload.wikimedia.org/wikipedia/commons/thumb/f/fa/Phoenix_Grand_Prix_Route_-_1991.svg/800px-Phoenix_Grand_Prix_Route_-_1991.svg.png,33
https://upload.wikimedia.org/wikipedia/commons/thumb/3/36/Monte_Carlo_Formula_1_track_map.svg/800px-Monte_Carlo_Formula_1_track_map.svg.png,6
https://upload.wikimedia.org/wikipedia/commons/thumb/5/54/Spa-Francorchamps_of_Belgium.svg/800px-Spa-Francorchamps_of_Belgium.svg.png,13
https://upload.wikimedia.org/wikipedia/commons/thumb/a/a5/Austin_circuit.svg/800px-Austin_circuit.svg.png,69
